tracker data from,tracker_count_post_exp,DOMAIN,URL_FULL
Ghostery Plug-in,23,well.blogs.nytimes.com,https://well.blogs.nytimes.com/2011/01/17/do-orthotics-really-help/
Ghostery Plug-in,16,onemedical.com,https://www.onemedical.com/blog/live-well/prevent-jet-lag/
Ghostery Plug-in,14,diabetesselfmanagement.com,https://www.diabetesselfmanagement.com/blog/cinnamon-and-diabetes-an-update/
Ghostery Plug-in,14,asthma.newlifeoutlook.com,https://asthma.newlifeoutlook.com/coffee-asthma/
Ghostery Plug-in,12,health.clevelandclinic.org,https://health.clevelandclinic.org/can-taking-cinnamon-lower-your-blood-sugar/
Ghostery Plug-in,12,health.howstuffworks.com,https://health.howstuffworks.com/wellness/natural-medicine/home-remedies/home-remedies-for-asthma.htm
Ghostery Plug-in,12,sharecare.com,https://www.sharecare.com/health/back-pain/can-traction-help-back-pain
Ghostery Plug-in,12,health.howstuffworks.com,https://health.howstuffworks.com/wellness/food-nutrition/facts/antioxidant1.htm
Ghostery Plug-in,10,thecrimson.com,https://www.thecrimson.com/article/1993/11/2/can-coffee-help-asthma-sufferers-pcoffee/
Ghostery Plug-in,9,thehealthsite.com,https://www.thehealthsite.com/diseases-conditions/home-remedies-for-diabetes-64404/
Ghostery Plug-in,9,flowingfree.org,https://flowingfree.org/using-melatonin-to-eliminate-jet-lag/
Ghostery Plug-in,9,thehealthsite.com,https://www.thehealthsite.com/diseases-conditions/having-an-asthma-attack-drink-a-cup-of-black-coffee-v0116/
Ghostery Plug-in,8,mouthhealthy.org,https://www.mouthhealthy.org/en/az-topics/s/sealants
Ghostery Plug-in,8,betterhealth.vic.gov.au,https://www.betterhealth.vic.gov.au/health/conditionsandtreatments/obesity-surgery
Ghostery Plug-in,8,aafp.org,https://www.aafp.org/afp/2002/1201/p2087.html
Ghostery Plug-in,8,betterhealth.vic.gov.au,https://www.betterhealth.vic.gov.au/health/healthyliving/jet-lag
Ghostery Plug-in,7,spine-health.com,https://www.spine-health.com/wellness/ergonomics/shoe-insoles-lower-back-pain
Ghostery Plug-in,7,spine-health.com,https://www.spine-health.com/wellness/ergonomics/how-foot-orthotics-help-low-back-pain
Ghostery Plug-in,7,spine-health.com,https://www.spine-health.com/conditions/lower-back-pain/lower-back-pain-symptoms-diagnosis-and-treatment
Ghostery Plug-in,7,colgate.com,https://www.colgate.com/en-us/oral-health/procedures/sealants/what-is-a-sealant-for-teeth-and-what-function-does-it-serve-0515
Ghostery Plug-in,7,colgate.com,https://www.colgate.com/en-us/oral-health/procedures/sealants/are-there-dental-sealant-dangers-0317-
Ghostery Plug-in,7,colgate.com,https://www.colgate.com/en-us/oral-health/procedures/sealants/ada-03-preventing-and-halting-tooth-decay-with-sealants
Ghostery Plug-in,7,colgate.com,https://www.colgate.com/en-us/oral-health/procedures/sealants/how-long-do-sealants-last-and-how-to-wear-them-well-0915
Ghostery Plug-in,7,colgate.com,https://www.colgate.com/en-us/oral-health/procedures/sealants/dental-sealants
Ghostery Plug-in,7,spine-health.com,https://www.spine-health.com/forum/discussion/99604/arthritis-osteoarthritis/sciatica-leg-pain-radiculopathy/does-traction-help
Ghostery Plug-in,7,berkeleywellness.com,https://www.berkeleywellness.com/self-care/home-remedies/article/self-traction-back-pain
Ghostery Plug-in,7,colgate.com,https://www.colgate.com/en-us/oral-health/life-stages/childrens-oral-care/toddler-tooth-decay-and-how-to-prevent-it-0314
Ghostery Plug-in,6,asthma.net,https://asthma.net/living/fatigue-asthma-link/
Ghostery Plug-in,6,asthma.net,https://asthma.net/coping/caffeine/
Ghostery Plug-in,6,asthma.net,https://asthma.net/living/the-effects-of-coffee-on-asthma/
Ghostery Plug-in,6,asthma.net,https://asthma.net/living/coffee-whats-the-deal/
Ghostery Plug-in,6,journals.lww.com,https://journals.lww.com/spinejournal/Abstract/2006/06150/Traction_for_Low_Back_Pain_With_or_Without.15.aspx
Ghostery Plug-in,5,cochranelibrary.com,https://www.cochranelibrary.com/cdsr/doi/10.1002/14651858.CD007807.pub2/abstract
Ghostery Plug-in,5,addictioncenter.com,https://www.addictioncenter.com/alcohol/benzodiazepines-alcohol-withdrawal/
Ghostery Plug-in,5,askdrmaxwell.com,https://www.askdrmaxwell.com/2013/09/use-probiotics-to-treat-allergies-eczema-and-more/
Ghostery Plug-in,5,cochranelibrary.com,https://www.cochranelibrary.com/cdsr/doi/10.1002/14651858.CD001830.pub4/abstract
Ghostery Plug-in,5,cochranelibrary.com,https://www.cochranelibrary.com/cdsr/doi/10.1002/14651858.CD001830.pub5/abstract
Ghostery Plug-in,5,animated-teeth.com,https://www.animated-teeth.com/tooth_sealants/t1_sealing_teeth.htm
Ghostery Plug-in,5,healthypeople.gov,https://www.healthypeople.gov/2020/tools-resources/evidence-based-resource/pit-and-fissure-sealants-for-preventing-dental-decay-in
Ghostery Plug-in,5,cochranelibrary.com,https://www.cochranelibrary.com/cdsr/doi/10.1002/14651858.CD007807.pub3/abstract
Ghostery Plug-in,5,emedicinehealth.com,https://www.emedicinehealth.com/eczema/article_em.htm
Ghostery Plug-in,5,cochranelibrary.com,https://www.cochranelibrary.com/cdsr/doi/10.1002/14651858.CD006135.pub3/abstract
Ghostery Plug-in,4,evidentlycochrane.net,http://www.evidentlycochrane.net/no-good-evidence-that-antioxidants-will-help-you-get-pregnant/
Ghostery Plug-in,4,academic.oup.com,https://academic.oup.com/ajcn/article/85/6/1552/4632985
Ghostery Plug-in,4,academic.oup.com,https://academic.oup.com/humrep/article/20/5/1144/2356853
Ghostery Plug-in,4,bionews.org.uk,https://www.bionews.org.uk/page_94240
Ghostery Plug-in,3,cochrane.org,https://www.cochrane.org/CD001112/AIRWAYS_the-effect-of-caffeine-in-people-with-asthma
Ghostery Plug-in,3,care.diabetesjournals.org,http://care.diabetesjournals.org/content/30/4/813/
Ghostery Plug-in,3,cochrane.org,https://www.cochrane.org/CD001520/DEPRESSN_melatonin-for-the-prevention-and-treatment-of-jet-lag
Ghostery Plug-in,3,cochrane.org,https://www.cochrane.org/CD001830/ORAL_sealants-preventing-tooth-decay-permanent-teeth
Ghostery Plug-in,3,cochrane.org,https://www.cochrane.org/CD005275/BACK_insoles-for-the-prevention-and-treatment-of-back-pain
Ghostery Plug-in,3,cochrane.org,https://www.cochrane.org/CD003010/BACK_traction-for-low-back-pain
Ghostery Plug-in,3,cochrane.org,https://www.cochrane.org/CD005063/ADDICTN_benzodiazepines-for-alcohol-withdrawal
Ghostery Plug-in,3,caffeineinformer.com,https://www.caffeineinformer.com/top-10-caffeine-health-benefits
Ghostery Plug-in,3,healthhearty.com,https://healthhearty.com/caffeine-asthma
Ghostery Plug-in,3,cochrane.org,https://www.cochrane.org/podcasts/10.1002/14651858.CD007411.pub3
Ghostery Plug-in,3,cochrane.org,https://www.cochrane.org/CD006135/SKIN_probiotics-treating-eczema
Ghostery Plug-in,3,peoplespharmacy.com,https://www.peoplespharmacy.com/2009/07/06/caffeine-helps/
Ghostery Plug-in,3,alcoholrehabguide.org,https://www.alcoholrehabguide.org/treatment/benzodiazepines/
Ghostery Plug-in,3,cochrane.org,https://www.cochrane.org/CD007807/MENSTR_vitamins-and-minerals-subfertility-women
Ghostery Plug-in,3,theadventurouswriter.com,https://www.theadventurouswriter.com/blogbaby/do-antioxidants-increase-fertility/
Ghostery Plug-in,3,torontophysiotherapy.ca,https://torontophysiotherapy.ca/traction-or-spinal-decompression-therapy-doesnt-help-lower-back-pain/
Ghostery Plug-in,3,care.diabetesjournals.org,http://care.diabetesjournals.org/content/26/12/3215
Ghostery Plug-in,3,alcohol.org,https://www.alcohol.org/mixing-with/benzodiazepine/
Ghostery Plug-in,3,cochrane.org,https://www.cochrane.org/CD003641/ENDOC_surgery-for-obesity
Ghostery Plug-in,3,alcoholrehabguide.org,https://www.alcoholrehabguide.org/alcohol/withdrawal/
Ghostery Plug-in,3,cochrane.org,https://www.cochrane.org/CD007170/ENDOC_cinnamon-for-diabetes-mellitus
Ghostery Plug-in,3,cochrane.org,https://www.cochrane.org/CD007411/MENSTR_antioxidants-male-subfertility
Ghostery Plug-in,3,pain-in-lower-back.com,https://pain-in-lower-back.com/traction-for-lower-back-pain/
Ghostery Plug-in,3,peoplespharmacy.com,https://www.peoplespharmacy.com/2013/12/30/cinnamon-offers-health-benefits-but-also-carries-serious-risks/
Ghostery Plug-in,3,peoplespharmacy.com,https://www.peoplespharmacy.com/2013/07/24/asthma-inhalers-albuterol-vs-caffeine/
Ghostery Plug-in,3,asmbs.org,https://asmbs.org/patients/benefits-of-bariatric-surgery
Ghostery Plug-in,3,asmbs.org,https://asmbs.org/patients/bariatric-surgery-procedures
Ghostery Plug-in,3,cochrane.org,https://www.cochrane.org/CD007677/MENSTR_pentoxifylline-for-premenopausal-subfertile-women-with-endometriosis
Ghostery Plug-in,3,theadventurouswriter.com,https://www.theadventurouswriter.com/blogbaby/cause-infertility-women-antioxidants/
Ghostery Plug-in,3,asmbs.org,https://asmbs.org/patients/bariatric-surgery-misconceptions
Ghostery Plug-in,3,cochrane.org,https://www.cochrane.org/podcasts/10.1002/14651858.CD007807.pub3
Ghostery Plug-in,2,ncbi.nlm.nih.gov,https://www.ncbi.nlm.nih.gov/pmc/articles/PMC3924990/
Ghostery Plug-in,2,ncbi.nlm.nih.gov,https://www.ncbi.nlm.nih.gov/pmc/articles/PMC2594758/
Ghostery Plug-in,2,timeshifter.com,https://www.timeshifter.com/melatonin-for-jet-lag
Ghostery Plug-in,2,ncbi.nlm.nih.gov,https://www.ncbi.nlm.nih.gov/pubmedhealth/PMH0011752/
Ghostery Plug-in,2,ncbi.nlm.nih.gov,https://www.ncbi.nlm.nih.gov/pmc/articles/PMC3036013/
Ghostery Plug-in,2,ncbi.nlm.nih.gov,https://www.ncbi.nlm.nih.gov/pubmedhealth/PMH0010864/
Ghostery Plug-in,2,ncbi.nlm.nih.gov,https://www.ncbi.nlm.nih.gov/pmc/articles/PMC4590927/
Ghostery Plug-in,2,ncbi.nlm.nih.gov,https://www.ncbi.nlm.nih.gov/pmc/articles/PMC4606320/
Ghostery Plug-in,2,ncbi.nlm.nih.gov,https://www.ncbi.nlm.nih.gov/pubmed/11687099/
Ghostery Plug-in,2,ncbi.nlm.nih.gov,https://www.ncbi.nlm.nih.gov/pmc/articles/PMC4828648/
Ghostery Plug-in,2,ncbi.nlm.nih.gov,https://www.ncbi.nlm.nih.gov/pubmed/12076414
Ghostery Plug-in,2,ncbi.nlm.nih.gov,https://www.ncbi.nlm.nih.gov/pubmedhealth/PMH0072584/
Ghostery Plug-in,2,curetoothdecay.com,https://www.curetoothdecay.com/Dentistry/dental_sealants.htm
Ghostery Plug-in,2,ncbi.nlm.nih.gov,https://www.ncbi.nlm.nih.gov/pmc/articles/PMC4107719/
Ghostery Plug-in,2,currexsole.co.uk,http://currexsole.co.uk/injury-expert/insoles-lower-back-pain/
Ghostery Plug-in,2,ncbi.nlm.nih.gov,https://www.ncbi.nlm.nih.gov/pubmedhealth/PMH0013756/
Ghostery Plug-in,2,ncbi.nlm.nih.gov,https://www.ncbi.nlm.nih.gov/pmc/articles/PMC3943921/
Ghostery Plug-in,2,ncbi.nlm.nih.gov,https://www.ncbi.nlm.nih.gov/pmc/articles/PMC2772106/
Ghostery Plug-in,2,ncbi.nlm.nih.gov,https://www.ncbi.nlm.nih.gov/pmc/articles/PMC4216437/
Ghostery Plug-in,2,ncbi.nlm.nih.gov,https://www.ncbi.nlm.nih.gov/pubmed/19370590
Ghostery Plug-in,2,ncbi.nlm.nih.gov,https://www.ncbi.nlm.nih.gov/pmc/articles/PMC4085800/
Ghostery Plug-in,2,ncbi.nlm.nih.gov,https://www.ncbi.nlm.nih.gov/pubmed/7525193/
Ghostery Plug-in,2,ncbi.nlm.nih.gov,https://www.ncbi.nlm.nih.gov/pmc/articles/PMC4657308/
Ghostery Plug-in,2,ncbi.nlm.nih.gov,https://www.ncbi.nlm.nih.gov/pmc/articles/PMC2901047/
Ghostery Plug-in,2,ncbi.nlm.nih.gov,https://www.ncbi.nlm.nih.gov/pmc/articles/PMC4462044/
Ghostery Plug-in,2,ncbi.nlm.nih.gov,https://www.ncbi.nlm.nih.gov/pubmed/17323538
Ghostery Plug-in,2,ncbi.nlm.nih.gov,https://www.ncbi.nlm.nih.gov/pubmed/23913583
Ghostery Plug-in,2,ncbi.nlm.nih.gov,https://www.ncbi.nlm.nih.gov/pmc/articles/PMC2749720/
Ghostery Plug-in,2,ncbi.nlm.nih.gov,https://www.ncbi.nlm.nih.gov/pmc/articles/PMC2829880/
Ghostery Plug-in,2,ncbi.nlm.nih.gov,https://www.ncbi.nlm.nih.gov/pmc/articles/PMC3676186/
Ghostery Plug-in,2,nojetlag.com,http://www.nojetlag.com/melatonin.html
Ghostery Plug-in,2,answers.yahoo.com,https://answers.yahoo.com/question/index?qid=20070127125236AA60BYe
Ghostery Plug-in,2,ncbi.nlm.nih.gov,https://www.ncbi.nlm.nih.gov/pmc/articles/PMC5203687/
Ghostery Plug-in,2,ncbi.nlm.nih.gov,https://www.ncbi.nlm.nih.gov/pubmed/23959683/
Ghostery Plug-in,2,currexsole.co.uk,http://currexsole.co.uk/why-currexsole/benefits/
Ghostery Plug-in,2,ncbi.nlm.nih.gov,https://www.ncbi.nlm.nih.gov/pubmedhealth/PMH0011213/
Ghostery Plug-in,2,ncbi.nlm.nih.gov,https://www.ncbi.nlm.nih.gov/pmc/articles/PMC3086113/
Ghostery Plug-in,2,ncbi.nlm.nih.gov,https://www.ncbi.nlm.nih.gov/pubmedhealth/PMH0057984/
Ghostery Plug-in,2,ncbi.nlm.nih.gov,https://www.ncbi.nlm.nih.gov/pubmedhealth/?term=benzodiazepine%20for%20alcohol%20withdrawal
Ghostery Plug-in,2,ncbi.nlm.nih.gov,https://www.ncbi.nlm.nih.gov/pubmedhealth/PMH0020109/
Ghostery Plug-in,2,answers.yahoo.com,https://answers.yahoo.com/question/index?qid=20061009200852AA5UOzi
Ghostery Plug-in,2,answers.yahoo.com,https://answers.yahoo.com/question/index?qid=20090423235112AAcoRPq
Ghostery Plug-in,2,ncbi.nlm.nih.gov,https://www.ncbi.nlm.nih.gov/pubmed/6641099
Ghostery Plug-in,2,ncbi.nlm.nih.gov,https://www.ncbi.nlm.nih.gov/pmc/articles/PMC2217540/
Ghostery Plug-in,2,ncbi.nlm.nih.gov,https://www.ncbi.nlm.nih.gov/pmc/articles/PMC3921845/
Ghostery Plug-in,2,ncbi.nlm.nih.gov,https://www.ncbi.nlm.nih.gov/pubmedhealth/PMH0014449/
Ghostery Plug-in,2,ncbi.nlm.nih.gov,https://www.ncbi.nlm.nih.gov/pmc/articles/PMC3056276/
Ghostery Plug-in,2,ncbi.nlm.nih.gov,https://www.ncbi.nlm.nih.gov/pmc/articles/PMC1381853/
Ghostery Plug-in,2,ncbi.nlm.nih.gov,https://www.ncbi.nlm.nih.gov/pmc/articles/PMC2874768/
Ghostery Plug-in,2,ncbi.nlm.nih.gov,https://www.ncbi.nlm.nih.gov/pmc/articles/PMC2729256/
Ghostery Plug-in,2,ncbi.nlm.nih.gov,https://www.ncbi.nlm.nih.gov/pmc/articles/PMC1479671/
Ghostery Plug-in,2,ncbi.nlm.nih.gov,https://www.ncbi.nlm.nih.gov/pmc/articles/PMC3539224/
Ghostery Plug-in,2,answers.yahoo.com,https://answers.yahoo.com/question/index?qid=20080812090826AAnHMk7
Ghostery Plug-in,2,ncbi.nlm.nih.gov,https://www.ncbi.nlm.nih.gov/pmc/articles/PMC2907932/
Ghostery Plug-in,2,ncbi.nlm.nih.gov,https://www.ncbi.nlm.nih.gov/pmc/articles/PMC3470459/
Ghostery Plug-in,2,ncbi.nlm.nih.gov,https://www.ncbi.nlm.nih.gov/pmc/articles/PMC5149099/
Ghostery Plug-in,2,ncbi.nlm.nih.gov,https://www.ncbi.nlm.nih.gov/pmc/articles/PMC4019337/
Ghostery Plug-in,2,ncbi.nlm.nih.gov,https://www.ncbi.nlm.nih.gov/pmc/articles/PMC5006549/
Ghostery Plug-in,2,ncbi.nlm.nih.gov,https://www.ncbi.nlm.nih.gov/pmc/articles/PMC3538108/
Ghostery Plug-in,2,ncbi.nlm.nih.gov,https://www.ncbi.nlm.nih.gov/pmc/articles/PMC3982302/
Ghostery Plug-in,2,ncbi.nlm.nih.gov,https://www.ncbi.nlm.nih.gov/pmc/articles/PMC2548411/
Ghostery Plug-in,2,ncbi.nlm.nih.gov,https://www.ncbi.nlm.nih.gov/pubmed?term=dental+sealants+effectiveness&cmd=DetailsSearch
Ghostery Plug-in,2,ncbi.nlm.nih.gov,https://www.ncbi.nlm.nih.gov/pubmedhealth/PMH0013366/
Ghostery Plug-in,2,ncbi.nlm.nih.gov,https://www.ncbi.nlm.nih.gov/pmc/articles/PMC4609100/
Ghostery Plug-in,2,ncbi.nlm.nih.gov,https://www.ncbi.nlm.nih.gov/pmc/articles/PMC3684331/
Ghostery Plug-in,1,sbir-diba.ca,http://www.sbir-diba.ca/follow-up-and-support/withdrawal-monitoring-and-management/medications-for-management-of-alcohol-withdrawal
Ghostery Plug-in,1,cinnamonvogue.com,https://www.cinnamonvogue.com/cinnamoncommonuses.html
Ghostery Plug-in,1,mchoralhealth.org,https://www.mchoralhealth.org/PDFs/OHDentSealantfactsheet.pdf
Ghostery Plug-in,1,cinnamonvogue.com,http://www.cinnamonvogue.com/cinnamon_for_diabetes.html
Ghostery Plug-in,0,en.wikipedia.org,https://en.wikipedia.org/wiki/Benzodiazepine
Ghostery Plug-in,0,en.wikipedia.org,https://en.wikipedia.org/wiki/Traction_(orthopedics)
Ghostery Plug-in,0,en.wikipedia.org,https://en.wikipedia.org/wiki/Dental_sealant
Ghostery Plug-in,0,en.wikipedia.org,https://en.wikipedia.org/wiki/Dental_sealants
Ghostery Plug-in,0,en.wikipedia.org,https://en.wikipedia.org/wiki/Female_subfertility
Ghostery Plug-in,0,en.wikipedia.org,https://en.wikipedia.org/wiki/Sealant
Ghostery Plug-in,0,en.wikipedia.org,https://en.wikipedia.org/wiki/Benzodiazepine_withdrawal_syndrome
Ghostery Plug-in,0,en.wikipedia.org,https://en.wikipedia.org/wiki/Melatonin
Ghostery Plug-in,0,cdhp.org,https://www.cdhp.org/resources/314-dental-sealants-proven-to-prevent-tooth-decay
Ghostery Plug-in,0,en.wikipedia.org,https://en.wikipedia.org/wiki/Cochrane_(organisation)
Ghostery Plug-in,0,en.wikipedia.org,https://en.wikipedia.org/wiki/Antioxidant
Ghostery Plug-in,0,portobellophysio.ie,http://www.portobellophysio.ie/disc-related-lower-back-pain-and-the-benefits-of-traction/
Ghostery Plug-in,0,en.wikipedia.org,https://en.wikipedia.org/wiki/Jet_lag
Ghostery Plug-in,0,en.wikipedia.org,https://en.wikipedia.org/wiki/Bariatric_surgery
Ghostery Plug-in,0,en.wikipedia.org,https://en.wikipedia.org/wiki/Mayo_Clinic
Ghostery Plug-in,0,ndnr.com,https://ndnr.com/fertility/antioxidants-for-female-infertility-a-review-of-the-literature/
Ghostery Plug-in,0,en.wikipedia.org,https://en.wikipedia.org/wiki/Jetlag
Ghostery Plug-in,6,shoeinsoles.co.uk,https://www.shoeinsoles.co.uk/insoles-for-back-pain.html
Ghostery Plug-in,7,mass4d.co.uk,https://www.mass4d.co.uk/blogs/articles/is-there-a-link-between-insoles-and-back-pain
Ghostery Plug-in,0,storage.googleapis.com,https://storage.googleapis.com/quetechce-com/material/Low_Back_Pain_Lumbar_Traction.pdf
Ghostery Plug-in,1,crd.york.ac.uk,http://www.crd.york.ac.uk/crdweb/ShowRecord.asp?ID=12014028766
Ghostery Plug-in,4,cosmeticdentistrycenter.com,https://www.cosmeticdentistrycenter.com/blog/can-sealants-eliminate-tooth-decay
Ghostery Plug-in,9,bmcmusculoskeletdisord.biomedcentral.com,https://bmcmusculoskeletdisord.biomedcentral.com/articles/10.1186/1471-2474-15-140
Ghostery Plug-in,5.91,qualityhealth.com,https://www.qualityhealth.com/asthma-articles/link-between-caffeine-asthma
Ghostery Plug-in,2,iwh.on.ca,https://iwh.on.ca/summaries/research-highlights/is-traction-effective-in-treating-low-back-pain
Ghostery Plug-in,15,healthfully.com,https://healthfully.com/86958-caffeine-asthma.html
Ghostery Plug-in,9,bmcmusculoskeletdisord.biomedcentral.com,https://bmcmusculoskeletdisord.biomedcentral.com/articles/10.1186/1471-2474-8-118
Ghostery Plug-in,1,allergyasthmazone.com,http://www.allergyasthmazone.com/controlling-and-living-with-asthma/relationship-between-caffeine-asthma/
Ghostery Plug-in,5,nuffieldtrust.org.uk,https://www.nuffieldtrust.org.uk/news-item/can-the-nhs-help-tackle-the-uk-s-obesity-epidemic
Ghostery Plug-in,15,healthfully.com,https://healthfully.com/482790-what-are-the-benefits-of-probiotics-eczema.html
Ghostery Plug-in,15,diabetes.co.uk,https://www.diabetes.co.uk/natural-therapies/cinnamon.html
Ghostery Plug-in,8,drugscience.org.uk,https://drugscience.org.uk/drug-information/benzodiazepines/
Ghostery Plug-in,2,insolesclarity.com,https://insolesclarity.com/insoles-back-pain/
Ghostery Plug-in,16,onlinelibrary.wiley.com,http://onlinelibrary.wiley.com/o/cochrane/clsysrev/articles/CD007807/frame.html
Ghostery Plug-in,5,research-repository.uwa.edu.au,https://research-repository.uwa.edu.au/en/publications/antioxidants-for-female-subfertility-3
Ghostery Plug-in,5,altmetric.com,https://www.altmetric.com/details/22981764
Ghostery Plug-in,9,neckhammock.com,https://neckhammock.com/blogs/blog-posts/is-neck-traction-safe
Ghostery Plug-in,6,spineuniverse.com,https://www.spineuniverse.com/treatments/bracing/cervical-spine-bracing-options-halo-ring-crowns-or-vest
Ghostery Plug-in,7,healthdirect.gov.au,https://www.healthdirect.gov.au/dental-fissure-sealants
Ghostery Plug-in,6,physio-pedia.com,https://www.physio-pedia.com/Lumbar_Traction
Ghostery Plug-in,13,mind.org.uk,https://www.mind.org.uk/information-support/drugs-and-treatments/sleeping-pills-and-minor-tranquillisers/about-benzodiazepines/
Ghostery Plug-in,5,research-repository.uwa.edu.au,https://research-repository.uwa.edu.au/en/publications/antioxidants-for-female-subfertility
Ghostery Plug-in,6,gosh.nhs.uk,https://www.gosh.nhs.uk/health-professionals/clinical-guidelines/spinal-traction
Ghostery Plug-in,4,evidence.nhs.uk,https://www.evidence.nhs.uk/search?q=traction+splint
Ghostery Plug-in,4,evidence.nhs.uk,https://www.evidence.nhs.uk/search?q=fissure%20sealants
Ghostery Plug-in,2,bnf.nice.org.uk,https://bnf.nice.org.uk/drug-class/benzodiazepines.html
Ghostery Plug-in,2,bnf.nice.org.uk,https://bnf.nice.org.uk/drug/melatonin.html
Ghostery Plug-in,2,bnfc.nice.org.uk,https://bnfc.nice.org.uk/drug/melatonin.html
Ghostery Plug-in,7,nice.org.uk,http://www.nice.org.uk/Guidance/CG66
Ghostery Plug-in,4,evidence.nhs.uk,https://www.evidence.nhs.uk/search?q=melatonin
Ghostery Plug-in,5,todaysdentistry.com.au,https://www.todaysdentistry.com.au/more-about-fissure-sealants/
Ghostery Plug-in,5,kch.nhs.uk,https://www.kch.nhs.uk/Doc/pl%20-%20773.1%20-%20fissure%20sealants.pdf
Ghostery Plug-in,5,dentalhealth.ie,https://www.dentalhealth.ie/download/pdf/fissure_sealant_booklet.pdf
Ghostery Plug-in,7,nice.org.uk,https://www.nice.org.uk/guidance/conditions-and-diseases/oral-and-dental-health
Ghostery Plug-in,5,pathways.nice.org.uk,https://pathways.nice.org.uk/pathways/alcohol-use-disorders/acute-alcohol-withdrawal
Ghostery Plug-in,15,diabetes.co.uk,https://www.diabetes.co.uk/blog/2015/11/cinnamon-diabetes-7-benefits/
Ghostery Plug-in,4,healthcentre.org.uk,https://www.healthcentre.org.uk/pharmacy/melatonin-how-to-use-melatonin.html
Ghostery Plug-in,9,asthma.org.uk,https://www.asthma.org.uk/advice/inhalers-medicines-treatments/add-on-treatments/theophylline/
Ghostery Plug-in,7,endo-plus.com,https://www.endo-plus.com/wp-content/uploads/2018/05/Endo-plus-antioxidants-for-female-subfertility.pdf
Ghostery Plug-in,4,top10homeremedies.com,https://www.top10homeremedies.com/home-remedies/home-remedies-for-asthma.html
Ghostery Plug-in,6,nidcr.nih.gov,https://www.nidcr.nih.gov/research/data-statistics/dental-sealants
Ghostery Plug-in,17,bupa.co.uk,https://www.bupa.co.uk/health-information/lungs-breathing/asthma
Ghostery Plug-in,9,asthma.org.uk,https://www.asthma.org.uk/
Ghostery Plug-in,16,thelancet.com,https://www.thelancet.com/journals/lancet/article/PIIS0140-6736(02)09417-5/fulltext
Ghostery Plug-in,2,doctorfox.co.uk,https://www.doctorfox.co.uk/jet-lag/
Ghostery Plug-in,13,fertstert.org,https://www.fertstert.org/article/S0015-0282(18)30429-1/fulltext
Ghostery Plug-in,13,fertstert.org,https://www.fertstert.org/article/S0015-0282(18)30429-1/pdf
Ghostery Plug-in,1,aoaam.org,https://www.aoaam.org/resources/Documents/2018%20Convention%20Slides/Saturday%20-%2010-6-2018%20-%2011am%20-%20Management%20of%20Withdrawal%20-%20Alcohol%20Benzodiazepines%20Opioids%20-%20Kmiec.pdf
Ghostery Plug-in,6,strongsmilesdental.com,https://www.strongsmilesdental.com/blog/sealants-prevent-tooth-decay/
Ghostery Plug-in,11,hss.edu,https://www.hss.edu/newsroom_orthotics-cause-problems-if-improperly-prescribed.asp
Ghostery Plug-in,4,helpmyfootpain.com,https://helpmyfootpain.com/do-insoles-really-help-with-foot-pain/
Ghostery Plug-in,1,eczemafree.org,http://eczemafree.org/56/probiotics-and-eczema-how-the-bacteria-living-in-your-gut-can-help-improve-your-eczema/
Ghostery Plug-in,12,enertor.com,https://enertor.com/blogs/enertor-enertor/can-insoles-help-lower-back-pain-injuries
Ghostery Plug-in,6,publichealthwell.ie,http://publichealthwell.ie/search-results/antioxidants-female-subfertility
Ghostery Plug-in,4,patient.info,https://patient.info/healthy-living/obesity-overweight
Ghostery Plug-in,3,bsdht.org.uk,http://www.bsdht.org.uk/dhcontact/pit-and-fissure-sealants-for-preventing-dental-decay-in-permanent-teeth
Ghostery Plug-in,7,nice.org.uk,https://www.nice.org.uk/news/article/offer-weight-loss-surgery-to-diabetics
Ghostery Plug-in,6,chiro-trust.org,https://chiro-trust.org/back-pain/would-traction-help-my-back-pain/
Ghostery Plug-in,4,nootriment.com,https://nootriment.com/melatonin-for-jet-lag/
Ghostery Plug-in,8,uprighthealth.com,https://uprighthealth.com/do-orthotics-relieve-foot-knee-hip-back-pain/
Ghostery Plug-in,15,diabetes.co.uk,https://www.diabetes.co.uk/news/2006/Jul/Cinnamon-and-diabetes-treatment-link.html
Ghostery Plug-in,3,scoliosis.org,http://www.scoliosis.org/forum/showthread.php?10456-Why-do-people-lose-(so-much)-weight-after-surgery
Ghostery Plug-in,8,walkingmobilityclinics.com,https://walkingmobilityclinics.com/foot-problems-in-ontario/dont-orthotics-work/
Ghostery Plug-in,4,rightshape.com,https://www.rightshape.com/does-bariatric-surgery-reduce-obesity/
Ghostery Plug-in,6,medhelp.org,https://www.medhelp.org/posts/Orthopedics/custom-orthotics-dont-work/show/1528045
Ghostery Plug-in,4,healthscamsexposed.com,http://healthscamsexposed.com/2014/05/honey-and-cinnamon-cure-help-or-hoax/
Ghostery Plug-in,3,sandpointwellnesscouncil.com,http://www.sandpointwellnesscouncil.com/2011/08/what-to-do-when-orthotics-dont-work/
Ghostery Plug-in,10,canstockphoto.co.uk,https://www.canstockphoto.co.uk/images-photos/dental-sealants.html
Ghostery Plug-in,2,nccih.nih.gov,https://nccih.nih.gov/health/cinnamon
Ghostery Plug-in,2,nationaleczema.org,https://nationaleczema.org/search-bacterial-balance/
Ghostery Plug-in,9,itchylittleworld.com,https://itchylittleworld.com/can-probiotics-help-eczema/
Ghostery Plug-in,1,probiotics101.probacto.com,http://probiotics101.probacto.com/how-probiotics-can-help-with-eczema/
Ghostery Plug-in,9,community.aafa.org,https://community.aafa.org/blog/aafa-explains-will-coffee-or-caffeinated-drinks-help-my-asthma
Ghostery Plug-in,3,link.springer.com,https://link.springer.com/article/10.1007/s11695-016-2442-3
Ghostery Plug-in,1,tlcorthopedics.com,https://tlcorthopedics.com/traction-for-low-back-pain
Ghostery Plug-in,5,diabetes.org.uk,https://www.diabetes.org.uk/Guide-to-diabetes/Recipes/Apple-cinnamon-cake
Ghostery Plug-in,6,addictionhelper.com,https://www.addictionhelper.com/alcohol/benzodiazepines-alcohol-withdrawal/
Ghostery Plug-in,2,moopendentalcare.co.uk,https://moopendentalcare.co.uk/treatments/fissure-sealants/
Ghostery Plug-in,6,bestforbackpain.com,https://www.bestforbackpain.com/best-shoe-insoles-inserts-orthotics-for-back-pain-reviews-top-picks-buyers-guide.html
Ghostery Plug-in,3,jonbarron.org,https://jonbarron.org/article/antioxidants-and-fertility
Ghostery Plug-in,3,selfgrowth.com,https://www.selfgrowth.com/articles/the-many-benefits-of-orthotic-insoles
Ghostery Plug-in,2,foundationphysio.com,http://www.foundationphysio.com/do-orthotics-help-with-back-pain/
Ghostery Plug-in,4,imperial.nhs.uk,https://www.imperial.nhs.uk/our-services/surgery/bariatric-surgery
Ghostery Plug-in,6,nidcr.nih.gov,https://www.nidcr.nih.gov/sites/default/files/2018-10/seal-out-tooth-decay_0.pdf
Ghostery Plug-in,8,ukat.co.uk,https://www.ukat.co.uk/benzodiazepines/withdrawal-detox/
Ghostery Plug-in,5,dentalhealth.ie,https://www.dentalhealth.ie/dentalhealth/causes/dentalcaries.html
Ghostery Plug-in,6,nursinginpractice.com,https://www.nursinginpractice.com/article/insoles-do-not-prevent-back-pain
Ghostery Plug-in,4,diabetestalk.net,https://diabetestalk.net/popular/honey-and-cinnamon-for-diabetes-treatment
Ghostery Plug-in,18,reference.medscape.com,https://reference.medscape.com/medline/abstract/28752910
Ghostery Plug-in,1,dentistkansascityks.com,https://dentistkansascityks.com/sealants-for-teeth-2/
Ghostery Plug-in,12,optibacprobiotics.co.uk,https://www.optibacprobiotics.co.uk/professionals/faq/do-probiotics-help-with-eczema
Ghostery Plug-in,10,graniterecoverycenters.com,https://www.graniterecoverycenters.com/benzo-detox-withdrawal/
Ghostery Plug-in,1,uk.cochrane.org,https://uk.cochrane.org/news/running-marathons-izzard-enough-what-can-help
Ghostery Plug-in,14,pharmaceutical-journal.com,https://www.pharmaceutical-journal.com/opinion/comment/is-bariatric-surgery-the-right-approach-to-obesity/20067632.article
Ghostery Plug-in,4,healthylivinglifefacts.com,https://healthylivinglifefacts.com/cinnamon/
Ghostery Plug-in,8,fit-recovery.com,https://fit-recovery.com/xanax-for-alcohol-withdrawal/
Ghostery Plug-in,8,fit-recovery.com,https://fit-recovery.com/valium-for-alcohol-withdrawal/
Ghostery Plug-in,6,blog.decaredental.ie,https://blog.decaredental.ie/2015/04/20/dental-sealants-prevent-tooth-decay/
Ghostery Plug-in,4,niddk.nih.gov,https://www.niddk.nih.gov/health-information/weight-management/bariatric-surgery
Ghostery Plug-in,1,sportzdoc.com,http://www.sportzdoc.com/foot-pain/foot-ankle-leg-and-back-pain-can-shoe-insoles-help-you-the-truth-about-shoe-insoles-and-whether-you-need-them/
Ghostery Plug-in,9,marcacohenspinecenter.com,https://www.marcacohenspinecenter.com/insoles-to-help-with-back-pain/
Ghostery Plug-in,2,mansfielddental.com,https://mansfielddental.com/2019/06/will-dental-sealants-prevent-childhood-cavities/
Ghostery Plug-in,4,thefootandlegclinic.co.uk,https://thefootandlegclinic.co.uk/lower-back-pain-how-foot-orthotics-can-help/
Ghostery Plug-in,9,somabariatrics.com,https://www.somabariatrics.com/blog/health/obesity-related-health-issues-bariatric-surgery/
Ghostery Plug-in,15,diabetes.co.uk,https://www.diabetes.co.uk/news/2010/Jun/gastric-band-surgery-can-help-obesity-92661776.html
Ghostery Plug-in,4,dentistrybydery.com,https://www.dentistrybydery.com/blog/sealants-prevent-tooth-decay/
Ghostery Plug-in,4,colgate.com.au,https://www.colgate.com.au/oral-health/procedures/sealants/do-sealants-prevent-cavities
Ghostery Plug-in,4,scratchsleeves.co.uk,https://www.scratchsleeves.co.uk/can-probiotics-help-eczema-in-babies-and-children/
Ghostery Plug-in,7,liveabout.com,https://www.liveabout.com/what-are-shoe-insoles-2987682
Ghostery Plug-in,5,diabetes.org.uk,https://www.diabetes.org.uk/Guide-to-diabetes/Managing-your-diabetes/Treating-your-diabetes/Weight-loss-surgery
Ghostery Plug-in,9,journals.elsevier.com,https://www.journals.elsevier.com/surgery-for-obesity-and-related-diseases
Ghostery Plug-in,4,cks.nice.org.uk,https://cks.nice.org.uk/benzodiazepine-and-z-drug-withdrawal
Ghostery Plug-in,3,link.springer.com,https://link.springer.com/journal/11695
Ghostery Plug-in,3,withdrawal.net,https://www.withdrawal.net/benzodiazepine/
Ghostery Plug-in,5,drinkaware.co.uk,https://www.drinkaware.co.uk/alcohol-facts/health-effects-of-alcohol/mental-health/alcohol-withdrawal-symptoms/
Ghostery Plug-in,5,ninds.nih.gov,https://www.ninds.nih.gov/Disorders/Patient-Caregiver-Education/Fact-Sheets/Low-Back-Pain-Fact-Sheet
Ghostery Plug-in,5,forum.diabetes.org.uk,https://forum.diabetes.org.uk/boards/threads/cinnamon.65266/
Ghostery Plug-in,6,dentistapplevalleymn.com,https://www.dentistapplevalleymn.com/blog/sealants-prevent-tooth-decay/
Ghostery Plug-in,5,medical-dictionary.thefreedictionary.com,https://medical-dictionary.thefreedictionary.com/traction
Ghostery Plug-in,9,thediabetescouncil.com,https://www.thediabetescouncil.com/fact-from-fiction-is-cinnamon-good-for-diabetes/
Ghostery Plug-in,1,hospitalroad.com,https://www.hospitalroad.com/how-does-bariatric-surgery-help-to-stop-obesity-for-life/
Ghostery Plug-in,2,foundationphysio.com,https://www.foundationphysio.com/do-orthotics-help-with-back-pain/
Ghostery Plug-in,2,cure-back-pain.org,https://www.cure-back-pain.org/traction-for-back-pain.html
Ghostery Plug-in,5,sleepfoundation.org,https://www.sleepfoundation.org/articles/melatonin-and-sleep
Ghostery Plug-in,17,bupa.co.uk,https://www.bupa.co.uk/health-information/back-care/back-pain
Ghostery Plug-in,12,optibacprobiotics.co.uk,https://www.optibacprobiotics.co.uk/professionals/blog/probiotics-and-eczema
Ghostery Plug-in,5,healthunlocked.com,https://healthunlocked.com/blf/posts/130328314/research-linking-coca-cola-to-asthma-and-copd
Ghostery Plug-in,13,enacademic.com,https://enacademic.com/dic.nsf/mwc/5595/benzodiazepine
Ghostery Plug-in,4,clinchem6a.wordpress.com,https://clinchem6a.wordpress.com/
Ghostery Plug-in,4,caliberdental.com,https://caliberdental.com/2019/05/03/dental-sealants-prevent-decay/
Ghostery Plug-in,4,patient.info,https://patient.info/healthy-living/obesity-overweight/weight-loss-surgery
Ghostery Plug-in,8,orawellness.com,https://orawellness.com/are-dental-sealants-safe/
Ghostery Plug-in,3,jetlags.org,https://www.jetlags.org/jetlag-information/can-melatonin-help-with-jet-lag/
Ghostery Plug-in,1,basicofdiabetes.com,https://basicofdiabetes.com/does-cinnamon-help-diabetes/
Ghostery Plug-in,1,probioticsbydre.com,https://www.probioticsbydre.com/study-finds-probiotic-cuts-eczema-in-children.html
Ghostery Plug-in,4,insoles.cpsresearch.scot,https://insoles.cpsresearch.scot/
Ghostery Plug-in,6,timesnownews.com,https://www.timesnownews.com/health/article/type-2-diabetes-diet-cinnamon-or-dalchini-benefits-the-best-spice-to-control-high-blood-sugar-body-weight/388260
Ghostery Plug-in,5,alcorehab.org,https://alcorehab.org/alcohol-treatment/medications/diazepam-valium/
Ghostery Plug-in,6,menfertility.org,https://menfertility.org/effects-of-antioxidants-on-male-fertility/
Ghostery Plug-in,5,medical-dictionary.thefreedictionary.com,https://medical-dictionary.thefreedictionary.com/subfertility
Ghostery Plug-in,10,verywellmind.com,https://www.verywellmind.com/treatment-for-alcohol-withdrawal-symptoms-80190
Ghostery Plug-in,12,healthcentral.com,https://www.healthcentral.com/article/drink-cup-coffee-helps-breathing-drink-straight-no-sugar-cream-cup
Ghostery Plug-in,5,diyremedies.org,https://diyremedies.org/probiotics-for-eczema/
Ghostery Plug-in,0,backpainrelief911.com,https://www.backpainrelief911.com/do-orthotics-help-lower-back-pain
Ghostery Plug-in,8,fertilityauthority.com,https://www.fertilityauthority.com/blog/kym-campbell/2017/1/20/using-antioxidants-improve-male-infertility
Ghostery Plug-in,2,ifso.com,https://www.ifso.com/
Ghostery Plug-in,1,openaccess.sgul.ac.uk,http://openaccess.sgul.ac.uk/2686/1/CD001112.pdf
Ghostery Plug-in,5,guysandstthomas.nhs.uk,https://www.guysandstthomas.nhs.uk/our-services/diabetes/obesity-and-bariatric-service.aspx
Ghostery Plug-in,7,nice.org.uk,https://www.nice.org.uk/guidance/cg189/chapter/1-recommendations
Ghostery Plug-in,13,soard.org,https://www.soard.org/
Ghostery Plug-in,4,back-pain-relief-products.net,https://back-pain-relief-products.net/back-traction-at-home/
Ghostery Plug-in,5,medkit.info,https://medkit.info/2019/05/28/bariatric-surgery-can-be-safe-effective-treatment-for-teenagers-with-obesity/
Ghostery Plug-in,2,allbrightdentalny.com,https://www.allbrightdentalny.com/mamaroneck-ny/why-dental-sealants-protect-childs-teeth/
Ghostery Plug-in,4,codsils.com,http://www.codsils.com/metabolic-surgery-effective-treatment-for-obesity-type-2-diabetes/
Ghostery Plug-in,4,eurekaselect.com,http://www.eurekaselect.com/86321
Ghostery Plug-in,2,nationaleczema.org,https://nationaleczema.org/eczema/
Ghostery Plug-in,1,footcarecentre.co.uk,http://www.footcarecentre.co.uk/back-pain.htm
Ghostery Plug-in,3,jetlags.org,https://jetlags.org/jetlag-information/can-melatonin-help-with-jet-lag/
Ghostery Plug-in,1,yourdentistryguide.com,https://www.yourdentistryguide.com/sealants/
Ghostery Plug-in,6,thehealthcloud.co.uk,https://www.thehealthcloud.co.uk/health-benefits-cinnamon/
Ghostery Plug-in,5,honestyforyourskin.co.uk,https://www.honestyforyourskin.co.uk/probiotics-for-eczema/
Ghostery Plug-in,2,newtoasthma.com,https://www.newtoasthma.com/connection-between-caffeine-and-asthma/
Ghostery Plug-in,6,bestforbackpain.com,https://www.bestforbackpain.com/top-7-best-lumbar-traction-devices-for-back-pain-relief-2017.html
Ghostery Plug-in,0,grouptherapylondon.net,https://grouptherapylondon.net/group-therapy/traction-for-low-back-pain/
Ghostery Plug-in,21,bhf.org.uk,https://www.bhf.org.uk/informationsupport/heart-matters-magazine/news/behind-the-headlines/obesity-and-surgery
Ghostery Plug-in,2,probioticscouncil.org,https://probioticscouncil.org/probiotics-eczema/
Ghostery Plug-in,8,drugabuse.com,https://drugabuse.com/benzodiazepines/withdrawal/
Ghostery Plug-in,6,sleep.org,https://www.sleep.org/articles/melatonin/
Ghostery Plug-in,8,royalaesthetic.com,https://www.royalaesthetic.com/the-gastric-band-an-effective-method-for-weight-loss/
Ghostery Plug-in,4,flawlessprogram.com,https://flawlessprogram.com/probiotics-and-eczema-helpful-or-harmful/
Ghostery Plug-in,6,onlymyhealth.com,https://www.onlymyhealth.com/effects-caffeine-asthma-patients-1345683237
Ghostery Plug-in,2,jolieeskin.com,https://www.jolieeskin.com/blogs/news/34323204-probiotics-are-they-good-for-eczema
Ghostery Plug-in,1,portsmouthdentalcare.net,https://www.portsmouthdentalcare.net/blog/sealants-prevent-tooth-decay/
Ghostery Plug-in,8,rcpsych.ac.uk,https://www.rcpsych.ac.uk/mental-health/treatments-and-wellbeing/benzodiazepines
Ghostery Plug-in,9,toothfairypediatricdental.com,https://toothfairypediatricdental.com/dental-sealants-prevent-kids-tooth-decay/
Ghostery Plug-in,6,pubs.niaaa.nih.gov,https://pubs.niaaa.nih.gov/publications/arh22-1/38-43.pdf
Ghostery Plug-in,10,nutraingredients.com,https://www.nutraingredients.com/Article/2013/08/05/Cochrane-Antioxidants-don-t-increase-female-fertility
Ghostery Plug-in,6,obesitynewstoday.com,https://obesitynewstoday.com/long-term-results-bariatric-surgery/
Ghostery Plug-in,13,fodors.com,https://www.fodors.com/news/10-tips-to-avoid-jet-lag-4457
Ghostery Plug-in,6,shoeinsoles.co.uk,https://www.shoeinsoles.co.uk/insoles-for-knee-pain.html
Ghostery Plug-in,10,tinyqualityhomes.org,https://www.tinyqualityhomes.org/prevent-or-cure-jet-lag/
Ghostery Plug-in,29,fitnessmagazine.com,https://www.fitnessmagazine.com/health/injury/back/back-pain-causes-and-treatments/
Ghostery Plug-in,2,wwwnc.cdc.gov,https://wwwnc.cdc.gov/travel/page/jet-lag
Ghostery Plug-in,4,preventions.com,https://www.preventions.com/how-to-prevent-jet-lag/
Ghostery Plug-in,15,diabetes.co.uk,https://www.diabetes.co.uk/forum/threads/cinnamon-honey.22698/
Ghostery Plug-in,4,prevention.com,https://www.prevention.com/health/a20461629/highly-effective-treatments-for-lower-back-pain/
Ghostery Plug-in,11,traveltips.usatoday.com,https://traveltips.usatoday.com/jet-lag-prevention-13456.html
Ghostery Plug-in,16,onlinelibrary.wiley.com,http://onlinelibrary.wiley.com/doi/10.1002/14651858.CD007807/full
Ghostery Plug-in,3,newsnetwork.mayoclinic.org,https://newsnetwork.mayoclinic.org/discussion/mayo-clinic-q-and-a-sciatica-treatment-options/
Ghostery Plug-in,15,america.aljazeera.com,http://america.aljazeera.com/articles/2013/11/19/weight-loss-surgerystudycompellinginconclusiveonreversingaging.html
Ghostery Plug-in,3,link.springer.com,https://link.springer.com/article/10.1007/s11695-016-2342-6
Ghostery Plug-in,1,kclpure.kcl.ac.uk,https://kclpure.kcl.ac.uk/portal/en/publications/caffeine-for-asthma(9db12dd9-2857-489c-afbd-98f5d0cc4068).html
Ghostery Plug-in,2,pubchem.ncbi.nlm.nih.gov,https://pubchem.ncbi.nlm.nih.gov/compound/Melatonin
Ghostery Plug-in,1,naturalarthritistreatments.net,https://www.naturalarthritistreatments.net/arthritis-in-general/cinnamon-for-arthritis
Ghostery Plug-in,2,bnf.nice.org.uk,https://bnf.nice.org.uk/treatment-summary/obesity.html
Ghostery Plug-in,6,melioguide.com,https://melioguide.com/physical-therapy-continuing-education/traction-back-pain-treatment/
Ghostery Plug-in,1,comprehensivedentistry.com.au,https://comprehensivedentistry.com.au/sealants-and-decay/
Ghostery Plug-in,8,nutritionfacts.org,https://nutritionfacts.org/2013/10/29/cinnamon-for-diabetes/
Ghostery Plug-in,6,seattlebackpain.com,http://seattlebackpain.com/treatment-method-pros-cons/
Ghostery Plug-in,4,evidence.nhs.uk,https://www.evidence.nhs.uk/search?q=antioxidants
Ghostery Plug-in,4,evidence.nhs.uk,https://www.evidence.nhs.uk/search?q=Caffeine
Ghostery Plug-in,7,nhsinform.scot,https://www.nhsinform.scot/illnesses-and-conditions/lungs-and-airways/asthma
Ghostery Plug-in,1,uhs.nhs.uk,http://www.uhs.nhs.uk/Media/Controlleddocuments/Patientinformation/Womenshealth/Bladder-retraining-for-an-overactive-bladder-patient-information.pdf
WhoTracks.me 10K website dataset,31.2936758,express.co.uk,https://www.express.co.uk/life-style/health/1052601/eczema-treatment-dry-itchy-skin-moisturiser-home-remedy
WhoTracks.me 10K website dataset,31.2936758,express.co.uk,https://www.express.co.uk/life-style/health/1104535/type-2-diabetes-diet-foods-cinnamon-spice-supplements
WhoTracks.me 10K website dataset,20.6411947,medicalnewstoday.com,https://www.medicalnewstoday.com/articles/317207.php
WhoTracks.me 10K website dataset,20.6411947,medicalnewstoday.com,https://www.medicalnewstoday.com/articles/318946.php
WhoTracks.me 10K website dataset,20.6411947,medicalnewstoday.com,https://www.medicalnewstoday.com/articles/266069.php
WhoTracks.me 10K website dataset,19.533326,bbcgoodfood.com,https://www.bbcgoodfood.com/howto/guide/health-benefits-cinnamon
WhoTracks.me 10K website dataset,19.533326,bbcgoodfood.com,https://www.bbcgoodfood.com/howto/guide/what-are-probiotics-and-what-do-they-do
WhoTracks.me 10K website dataset,17.2034749,healthline.com,https://www.healthline.com/health/skin-disorders/probiotics-for-eczema
WhoTracks.me 10K website dataset,17.2034749,healthline.com,https://www.healthline.com/health/melatonin-for-jet-lag
WhoTracks.me 10K website dataset,17.2034749,healthline.com,https://www.healthline.com/nutrition/10-proven-benefits-of-cinnamon
WhoTracks.me 10K website dataset,17.2034749,healthline.com,https://www.healthline.com/health/spinal-traction
WhoTracks.me 10K website dataset,17.2034749,healthline.com,https://www.healthline.com/nutrition/cinnamon-and-diabetes
WhoTracks.me 10K website dataset,17.2034749,healthline.com,https://www.healthline.com/health/bone-health/orthotics
WhoTracks.me 10K website dataset,17.2034749,healthline.com,https://www.healthline.com/health/can-cinnamon-ease-diabetes-symptoms
WhoTracks.me 10K website dataset,17.2034749,healthline.com,https://www.healthline.com/health/subfertility
WhoTracks.me 10K website dataset,17.2034749,healthline.com,https://www.healthline.com/health/dental-and-oral-health/how-to-get-rid-of-cavities
WhoTracks.me 10K website dataset,17.2034749,healthline.com,https://www.healthline.com/health/lower-back-pain-treatment-options
WhoTracks.me 10K website dataset,15.3554528,thecut.com,https://www.thecut.com/2017/05/melatonin-benefits-sleep-jet-lag-cure.html
WhoTracks.me 10K website dataset,15.3189229,wickes.co.uk,https://www.wickes.co.uk/Products/Nails%2C-Screws+Adhesives/Sealants/c/1000006
WhoTracks.me 10K website dataset,15.1794625,livestrong.com,https://www.livestrong.com/article/507279-honey-cinnamon-diabetes-treatment/
WhoTracks.me 10K website dataset,14.6244171,wired.co.uk,https://www.wired.co.uk/article/how-caffeine-can-help-ease-asthma
WhoTracks.me 10K website dataset,14.3057257,verywellhealth.com,https://www.verywellhealth.com/probiotics-for-eczema-89944
WhoTracks.me 10K website dataset,14.3057257,verywellhealth.com,https://www.verywellhealth.com/does-spinal-decompression-help-low-back-pain-2696278
WhoTracks.me 10K website dataset,14.3057257,verywellhealth.com,https://www.verywellhealth.com/lumbar-traction-offers-no-benefit-for-back-pain-3999170
WhoTracks.me 10K website dataset,14.3057257,verywellhealth.com,https://www.verywellhealth.com/efficacy-of-cinnamon-for-diabetes-treatment-1087108
WhoTracks.me 10K website dataset,13.8852296,nytimes.com,https://www.nytimes.com/2010/11/30/health/30really.html
WhoTracks.me 10K website dataset,13.6642694,theguardian.com,https://www.theguardian.com/science/occams-corner/2013/dec/17/medical-research-health
WhoTracks.me 10K website dataset,13.6642694,theguardian.com,https://www.theguardian.com/lifeandstyle/2017/jan/30/is-it-safe-to-use-melatonin-for-jet-lag-insomnia
WhoTracks.me 10K website dataset,13.5864533,webmd.com,https://www.webmd.com/diabetes/cinnamon-and-benefits-for-diabetes
WhoTracks.me 10K website dataset,13.5864533,webmd.com,https://www.webmd.com/mental-health/addiction/benzodiazepine-abuse
WhoTracks.me 10K website dataset,13.5864533,webmd.com,https://www.webmd.com/sleep-disorders/features/jet-lag-remedies
WhoTracks.me 10K website dataset,13.5864533,webmd.com,https://www.webmd.com/oral-health/guide/dental-sealants
WhoTracks.me 10K website dataset,13.5864533,webmd.com,https://www.webmd.com/back-pain/guide/spinal-decompression-therapy-surgical-nonsurgical
WhoTracks.me 10K website dataset,13.5864533,webmd.com,https://www.webmd.com/diet/supplement-guide-cinnamon
WhoTracks.me 10K website dataset,13.5864533,webmd.com,https://www.webmd.com/oral-health/sealants
WhoTracks.me 10K website dataset,13.5864533,webmd.com,https://www.webmd.com/pain-management/what-are-shoe-orthotics
WhoTracks.me 10K website dataset,13.5864533,webmd.com,https://www.webmd.com/asthma/asthma-triggers
WhoTracks.me 10K website dataset,13.5864533,webmd.com,https://www.webmd.com/skin-problems-and-treatments/eczema/news/20081010/probiotics-no-help-childhood-eczema
WhoTracks.me 10K website dataset,13.5864533,webmd.com,https://www.webmd.com/back-pain/features/12-back-pain-tips
WhoTracks.me 10K website dataset,13.5864533,webmd.com,https://www.webmd.com/diabetes/qa/does-cinnamon-help-diabetes
WhoTracks.me 10K website dataset,13.5864533,webmd.com,https://www.webmd.com/diet/caffeine-myths-and-facts
WhoTracks.me 10K website dataset,13.5864533,webmd.com,https://www.webmd.com/mental-health/addiction/alcohol-withdrawal-symptoms-treatments
WhoTracks.me 10K website dataset,13.5864533,webmd.com,https://www.webmd.com/oral-health/guide/tooth-decay-prevention
WhoTracks.me 10K website dataset,13.004918,vox.com,https://www.vox.com/2016/4/25/11425856/what-is-melatonin-sleep
WhoTracks.me 10K website dataset,12.0742796,everydayhealth.com,https://www.everydayhealth.com/asthma-pictures/things-that-can-trigger-asthma-attacks.aspx
WhoTracks.me 10K website dataset,12.0742796,everydayhealth.com,https://www.everydayhealth.com/news/best-worst-shoes-back-pain/
WhoTracks.me 10K website dataset,12.0742796,everydayhealth.com,https://www.everydayhealth.com/hs/asthma-pictures/everyday-asthma-symptom-soothers/
WhoTracks.me 10K website dataset,12.0742796,everydayhealth.com,https://www.everydayhealth.com/type-2-diabetes/diet/cinnamon-for-diabetes-treatment/
WhoTracks.me 10K website dataset,9.31432725,answers.com,https://www.answers.com/Q/How_does_caffeine_affect_asthma
WhoTracks.me 10K website dataset,9.00401464,medicinenet.com,https://www.medicinenet.com/jet_lag/article.htm
WhoTracks.me 10K website dataset,8.95873115,sciencedirect.com,https://www.sciencedirect.com/science/article/pii/002239569090043P
WhoTracks.me 10K website dataset,8.95873115,sciencedirect.com,https://www.sciencedirect.com/topics/medicine-and-dentistry/cervical-traction
WhoTracks.me 10K website dataset,8.95873115,sciencedirect.com,https://www.sciencedirect.com/science/article/pii/S0015028218304291
WhoTracks.me 10K website dataset,8.95873115,sciencedirect.com,https://www.sciencedirect.com/science/article/pii/S1357303914003314
WhoTracks.me 10K website dataset,8.95873115,sciencedirect.com,https://www.sciencedirect.com/science/article/pii/104727979290007D
WhoTracks.me 10K website dataset,8.95873115,sciencedirect.com,https://www.sciencedirect.com/science/article/pii/S0140673602094175
WhoTracks.me 10K website dataset,8.95873115,sciencedirect.com,https://www.sciencedirect.com/science/article/pii/S0190962214014078
WhoTracks.me 10K website dataset,8.82329964,bbc.com,https://www.bbc.com/news/health-12215496
WhoTracks.me 10K website dataset,8.47158905,springer.com,https://www.springer.com/medicine/surgery/journal/11695
WhoTracks.me 10K website dataset,8.12622057,mayoclinic.org,https://www.mayoclinic.org/diseases-conditions/jet-lag/diagnosis-treatment/drc-20374031
WhoTracks.me 10K website dataset,8.12622057,mayoclinic.org,https://www.mayoclinic.org/diseases-conditions/back-pain/expert-answers/inversion-therapy/faq-20057951
WhoTracks.me 10K website dataset,8.12622057,mayoclinic.org,https://www.mayoclinic.org/diseases-conditions/diabetes/expert-answers/diabetes/faq-20058472
WhoTracks.me 10K website dataset,8.12622057,mayoclinic.org,https://www.mayoclinic.org/diseases-conditions/back-pain/symptoms-causes/syc-20369906
WhoTracks.me 10K website dataset,8.12622057,mayoclinic.org,https://www.mayoclinic.org/about-mayo-clinic
WhoTracks.me 10K website dataset,8.12622057,mayoclinic.org,https://www.mayoclinic.org/
WhoTracks.me 10K website dataset,7.04613484,reddit.com,https://www.reddit.com/user/cuspsurgeons/comments/8vq5xz/bariatric_surgery_an_effective_treatment_for/
WhoTracks.me 10K website dataset,7.02337488,drugs.com,https://www.drugs.com/drug-class/benzodiazepines.html
WhoTracks.me 10K website dataset,7.02337488,drugs.com,https://www.drugs.com/melatonin.html
WhoTracks.me 10K website dataset,7.02337488,drugs.com,https://www.drugs.com/article/benzodiazepines.html
WhoTracks.me 10K website dataset,6.30112193,thefreedictionary.com,https://www.thefreedictionary.com/benzodiazepines
WhoTracks.me 10K website dataset,6.30112193,thefreedictionary.com,https://www.thefreedictionary.com/traction
WhoTracks.me 10K website dataset,5.87171469,wikihow.com,https://www.wikihow.com/Use-Cinnamon-to-Help-With-Diabetes
WhoTracks.me 10K website dataset,5.87171469,wikihow.com,https://www.wikihow.com/Avoid-Jet-Lag
WhoTracks.me 10K website dataset,5.82583784,psychologytoday.com,https://www.psychologytoday.com/us/blog/all-about-addiction/201205/treating-alcohol-withdrawal-benzodiazepines-safe-if-mindful
WhoTracks.me 10K website dataset,5.55380921,youtube.com,https://www.youtube.com/watch?v=DTiuMr1DusE
WhoTracks.me 10K website dataset,5.55380921,youtube.com,https://www.youtube.com/watch?v=VWCs-1nAhWs
WhoTracks.me 10K website dataset,5.55380921,youtube.com,https://www.youtube.com/watch?v=mGez0iCwZrk
WhoTracks.me 10K website dataset,5.55380921,youtube.com,https://www.youtube.com/watch?v=PJO_-xBIh9s
WhoTracks.me 10K website dataset,5.55380921,youtube.com,https://www.youtube.com/watch?v=E1U4_NIaUtA
WhoTracks.me 10K website dataset,5.55380921,youtube.com,https://www.youtube.com/watch?v=X-7v6HMlX2s
WhoTracks.me 10K website dataset,5.55380921,youtube.com,https://www.youtube.com/watch?v=1cpOdDIMh24
WhoTracks.me 10K website dataset,5.33582294,who.int,https://www.who.int/mental_health/mhgap/evidence/alcohol/q2/en/
WhoTracks.me 10K website dataset,5.2823458,researchgate.net,https://www.researchgate.net/publication/278558018_The_efficacy_of_melatonin_in_the_treatment_of_jet_lag
WhoTracks.me 10K website dataset,5.2823458,researchgate.net,https://www.researchgate.net/publication/255178538_Antioxidants_for_female_subfertility
WhoTracks.me 10K website dataset,5.2823458,researchgate.net,https://www.researchgate.net/publication/41103829_Caffeine_for_asthma
WhoTracks.me 10K website dataset,5.2823458,researchgate.net,https://www.researchgate.net/publication/6384272_Traction_for_low-back_pain_with_or_without_sciatica
WhoTracks.me 10K website dataset,5.2823458,researchgate.net,https://www.researchgate.net/publication/318755158_Antioxidants_for_female_subfertility
WhoTracks.me 10K website dataset,5.2823458,researchgate.net,https://www.researchgate.net/publication/14923885_Melatonin_and_jet_lag_Treatment_schedule
WhoTracks.me 10K website dataset,5.2823458,researchgate.net,https://www.researchgate.net/publication/10858051_The_efficacy_of_lumbar_traction_in_the_management_of_patients_with_low_back_pain
WhoTracks.me 10K website dataset,5.2823458,researchgate.net,https://www.researchgate.net/publication/11666303_Caffeine_for_Asthma
WhoTracks.me 10K website dataset,5.2823458,researchgate.net,https://www.researchgate.net/publication/279900832_Surgery_for_obesity
WhoTracks.me 10K website dataset,5.2823458,researchgate.net,https://www.researchgate.net/publication/11353143_Melatonin_in_sleep_disorders_and_jet-lag
WhoTracks.me 10K website dataset,4.76689256,quora.com,https://www.quora.com/How-does-caffeine-intake-affect-asthma
WhoTracks.me 10K website dataset,4.76689256,quora.com,https://www.quora.com/Is-it-normal-to-lose-weight-after-a-surgery
WhoTracks.me 10K website dataset,4.76689256,quora.com,https://www.quora.com/Does-caffeine-help-asthma-sufferers
WhoTracks.me 10K website dataset,4.76689256,quora.com,https://www.quora.com/How-does-bariatric-surgery-help
WhoTracks.me 10K website dataset,4.76689256,quora.com,https://www.quora.com/Does-cinnamon-help-to-lower-blood-sugar-in-type-2-diabetics
WhoTracks.me 10K website dataset,4.76689256,quora.com,https://www.quora.com/How-can-I-reduce-wheezing-without-an-inhaler-I-was-diagnosed-with-mild-asthma-as-a-kid-never-had-an-asthma-attack-or-used-an-inhaler-but-I-sometimes-get-wheezy-It-only-bothers-me-when-Im-trying-to-sleep-but-have-to-keep-clearing-my-throat
WhoTracks.me 10K website dataset,4.76689256,quora.com,https://www.quora.com/Can-coffee-help-with-an-asthma-attack
WhoTracks.me 10K website dataset,4.76689256,quora.com,https://www.quora.com/Is-insole-the-most-effective-way-to-help-low-arch-foot
WhoTracks.me 10K website dataset,4.68133762,sciencedaily.com,https://www.sciencedaily.com/releases/2009/05/090531102507.htm
WhoTracks.me 10K website dataset,4.68133762,sciencedaily.com,https://www.sciencedaily.com/releases/2013/08/130805092357.htm
WhoTracks.me 10K website dataset,4.68133762,sciencedaily.com,https://www.sciencedaily.com/releases/2007/10/071016195925.htm
WhoTracks.me 10K website dataset,4.68133762,sciencedaily.com,https://www.sciencedaily.com/releases/2017/07/170714072216.htm
WhoTracks.me 10K website dataset,4.68133762,sciencedaily.com,https://www.sciencedaily.com/releases/2005/09/050925152632.htm
WhoTracks.me 10K website dataset,4.39156706,slideshare.net,https://www.slideshare.net/LifecareCentre/role-of-antioxidants-in-female-infertility-dr-jyoti-agarwal
WhoTracks.me 10K website dataset,4,nhs.uk,https://www.nhs.uk/conditions/weight-loss-surgery/
WhoTracks.me 10K website dataset,4,nhs.uk,https://www.nhs.uk/news/medication/the-answer-to-jet-lag/
WhoTracks.me 10K website dataset,4,nhs.uk,https://www.nhs.uk/conditions/probiotics/
WhoTracks.me 10K website dataset,4,nhs.uk,https://www.nhs.uk/using-the-nhs/nhs-services/dentists/understanding-nhs-dental-charges/
WhoTracks.me 10K website dataset,4,nhs.uk,https://www.nhs.uk/conditions/back-pain/treatment/
WhoTracks.me 10K website dataset,4,nhs.uk,https://www.nhs.uk/conditions/weight-loss-surgery/who-can-have-it/
WhoTracks.me 10K website dataset,4,nhs.uk,https://www.nhs.uk/conditions/obesity/treatment/
WhoTracks.me 10K website dataset,4,nhs.uk,https://www.nhs.uk/live-well/exercise/lower-back-pain-exercises/
WhoTracks.me 10K website dataset,4,nhs.uk,https://www.nhs.uk/conditions/Diabetes/
WhoTracks.me 10K website dataset,4,nhs.uk,https://www.nhs.uk/conditions/atopic-eczema/
WhoTracks.me 10K website dataset,4,nhs.uk,https://www.nhs.uk/news/pregnancy-and-child/do-antioxidants-help-male-fertility/
WhoTracks.me 10K website dataset,4,nhs.uk,https://www.nhs.uk/live-well/healthy-body/taking-care-of-childrens-teeth/
WhoTracks.me 10K website dataset,4,nhs.uk,https://www.nhs.uk/conditions/Jet-lag/
WhoTracks.me 10K website dataset,4,nhs.uk,https://www.nhs.uk/conditions/Infertility/
WhoTracks.me 10K website dataset,4,nhs.uk,https://www.nhs.uk/conditions/type-2-diabetes/finding-help-and-support/
WhoTracks.me 10K website dataset,4,nhs.uk,https://www.nhs.uk/conditions/asthma/treatment/
WhoTracks.me 10K website dataset,4,nhs.uk,https://www.nhs.uk/conditions/atopic-eczema/treatment/
WhoTracks.me 10K website dataset,4,nhs.uk,https://www.nhs.uk/conditions/infertility/causes/
WhoTracks.me 10K website dataset,4,nhs.uk,https://www.nhs.uk/conditions/asthma/
WhoTracks.me 10K website dataset,4,nhs.uk,https://www.nhs.uk/conditions/tooth-decay/
WhoTracks.me 10K website dataset,4,nhs.uk,https://www.nhs.uk/conditions/alcohol-misuse/treatment/
WhoTracks.me 10K website dataset,4,nhs.uk,https://www.nhs.uk/conditions/back-pain/causes/
WhoTracks.me 10K website dataset,4,nhs.uk,https://www.nhs.uk/conditions/insomnia/
WhoTracks.me 10K website dataset,4,nhs.uk,https://www.nhs.uk/conditions/obesity/
WhoTracks.me 10K website dataset,4,nhs.uk,https://www.nhs.uk/conditions/infertility/treatment/
WhoTracks.me 10K website dataset,4,nhs.uk,https://www.nhs.uk/Conditions/Back-pain/
WhoTracks.me 10K website dataset,4,nhs.uk,https://www.nhs.uk/conditions/flat-feet/
WhoTracks.me 10K website dataset,3.89574697,semanticscholar.org,https://www.semanticscholar.org/paper/Probiotics-and-Atopic-Dermatitis%3A-An-Overview-Rather-Bajpai/e4d09c01583bc0a40202d469a428c6faa2ca6d05
WhoTracks.me 10K website dataset,3.70643892,amazon.com,https://www.amazon.com/insole-back-pain/s?k=insole+for+back+pain
WhoTracks.me 10K website dataset,3.70643892,amazon.com,https://www.amazon.com/insoles-back-pain/s?k=insoles+for+back+pain
WhoTracks.me 10K website dataset,3.48721096,amazon.co.uk,https://www.amazon.co.uk/insoles-back-pain/s?page=1&rh=i%3Aaps%2Ck%3Ainsoles%20back%20pain
WhoTracks.me 10K website dataset,3.48721096,amazon.co.uk,https://www.amazon.co.uk/back-pain-insoles/s?k=back+pain+insoles
WhoTracks.me 10K website dataset,3.20495268,ebay.co.uk,https://www.ebay.co.uk/sch/i.html?_nkw=tranquilizers
WhoTracks.me 10K website dataset,3.20495268,ebay.co.uk,https://www.ebay.co.uk/sch/i.html?_nkw=insoles
WhoTracks.me 10K website dataset,3.20495268,ebay.co.uk,https://www.ebay.co.uk/sch/i.html?_nkw=pain+relief+insoles
WhoTracks.me 10K website dataset,3.20495268,ebay.co.uk,https://www.ebay.co.uk/sch/i.html?_nkw=back+traction+device
WhoTracks.me 10K website dataset,3.20495268,ebay.co.uk,https://www.ebay.co.uk/sch/i.html?_nkw=rocker+sole+shoes
WhoTracks.me 10K website dataset,3.11588633,bbc.co.uk,https://www.bbc.co.uk/programmes/articles/2jq5KSXvt474QLBdKvfw6jY/caffeine
WhoTracks.me 10K website dataset,2.62925962,nih.gov,https://www.nih.gov/news-events/nih-research-matters/new-insights-into-bariatric-surgery-obesity
WhoTracks.me 10K website dataset,2.51257731,cdc.gov,https://www.cdc.gov/vitalsigns/dental-sealants/index.html
WhoTracks.me 10K website dataset,2.51257731,cdc.gov,https://www.cdc.gov/oralhealth/dental_sealant_program/index.htm
WhoTracks.me 10K website dataset,1.76551621,facebook.com,https://www.facebook.com/WhatIsEczema/
WhoTracks.me 10K website dataset,1.76551621,facebook.com,https://www.facebook.com/AskTheScientists/posts/815715221919755:0
WhoTracks.me 10K website dataset,1.3688577,archive.org,https://archive.org/details/pubmed-PMC3955420
WhoTracks.me 10K website dataset,1.34397721,wikidata.org,https://www.wikidata.org/wiki/Q24234711
WhoTracks.me 10K website dataset,1.34397721,wikidata.org,https://www.wikidata.org/wiki/Q24200558
WhoTracks.me 10K website dataset,1.34397721,wikidata.org,https://www.wikidata.org/wiki/Q1130172